mean,sd,2.5%,25%,50%,75%,97.5%,Rhat,n.eff,overlap0,f
0.16184443523855627,0.5555041796419987,-0.8501354118327095,-0.22576834324775663,0.12931474851107452,0.5258713227629026,1.3124950172463945,1.0001734289668223,8637,1,0.5973333333333334
-0.3795909988247752,0.6626359167904475,-1.8362374292408936,-0.7691302404389041,-0.33302089581976363,0.06562335604637776,0.7843425063893228,1.0009247826286973,2261,1,0.7139333333333333
-0.5408778823343084,0.4292337238918324,-1.4322820782531591,-0.8081860614575508,-0.5161497763114442,-0.2564734775647174,0.24003479155493698,1.000291733867967,5189,1,0.9164666666666667
-0.6057228660523047,0.5335899592337806,-1.7199084794088872,-0.9546733970485313,-0.5821806548453456,-0.23634384881369236,0.388777771878406,1.000109222929121,12651,1,0.8806
0.1674311283275117,0.43035200648682825,-0.6710736530016463,-0.11737410929676889,0.1661663485258012,0.449435571567797,1.0132105138312886,1.0002835018711937,5910,1,0.6545333333333333
0.505043971206882,0.5353296668820984,-0.5010578590558094,0.14443286810853764,0.4879022381214787,0.8363335790508231,1.6177428894255723,1.0009823702125074,2222,1,0.8332666666666667
1.5951185235193555,0.746318321170037,0.20280222946421572,1.0948047782468235,1.5656190086861628,2.064788563323785,3.1595385813476797,1.000772793076551,3737,0,0.9883333333333333
0.08165057178932435,0.09070586504777813,-0.09274962904854903,0.01991455568332264,0.08062274202193412,0.14261539489482528,0.25949724752486786,0.999929949532365,15000,1,0.8162
0.04682237463370274,0.0888177033239787,-0.12520400583468397,-0.013693792672961986,0.046850657383266284,0.10670548640832611,0.22094033676048686,1.0000068205519135,15000,1,0.705
0.0141580181600288,0.25297992568365335,-0.516156670885874,-0.09037229893893665,0.003077395374149002,0.11166763988582384,0.5873336510324701,1.000137576266211,15000,1,0.5180666666666667
0.030704650692260357,0.23085821455559588,-0.41383459369291803,-0.07278137993208181,0.00880262396493895,0.1212878730797789,0.5680243439356921,1.0002762983944615,15000,1,0.5421333333333334
-0.05498761404360366,0.20659583227350015,-0.5423682788866953,-0.14812627085208385,-0.025473911525212282,0.046686319199242196,0.3471242444580809,1.0014408208732304,3334,1,0.6006666666666667
-0.0655929967788873,0.22944465464391492,-0.6256795605471945,-0.1605550563361621,-0.027193471485643522,0.04533532115656033,0.35173151687235465,1.000332117665311,8374,1,0.6048
-0.11288018563572892,0.17692922600313316,-0.5248157422222207,-0.208537887748911,-0.08120696659923432,-1.9698089921675596e-4,0.18549608927226147,1.0003180379878598,10630,1,0.7515333333333334
0.10346041168187317,0.168144824930351,-0.16903366983811202,-0.0023192592782598775,0.07031111108758167,0.1934517374311952,0.4993068250336761,1.000318553137589,5316,1,0.7344666666666667
0.14990652908549315,0.19703280710486923,-0.13025495874920223,0.008323088896706424,0.10499082986216737,0.2562958770977578,0.6246613758584365,1.0003413129130878,5491,1,0.7882
-4.49151750039489e-6,0.16800311818395827,-0.34508586634373106,-0.08213065204187062,-0.0012729557431710344,0.07934767080837118,0.3656847634381944,1.0000823720012857,15000,1,0.5097333333333334
-0.13078399910191338,0.07860147202200476,-0.28507014383493573,-0.18320500143533894,-0.13055225288806013,-0.07810763038661597,0.023884293878900436,1.0002285296195126,6226,1,0.9514666666666667
3.7136889398691935,1.3608635946050947,0.8181025573965123,2.9250755951523955,3.738747151937939,4.54779991331209,6.434332511689707,1.0046551150102578,631,0,0.9936
1.0570480120941093,0.16196713610330263,0.7162557565326674,0.960365988455785,1.0628024685638533,1.1596442161410787,1.3616822650423632,1.0005762163219931,3961,0,0.9999333333333333
2.1674938189497768,1.936998092971724,-1.0592257893262658,0.8484725896176776,1.9460366143492944,3.2429465361343253,6.5622218804239605,1.0002005913818948,8257,1,0.895
-0.24116464197299112,1.4434138436883261,-3.084100554428473,-1.15088506451964,-0.24963559067570254,0.6466880651595944,2.6189308959136466,1.0001948068187554,9146,1,0.5750666666666666
-1.2098507983751414,1.3667435399953844,-4.134297337069863,-2.0604702350332795,-1.1478275332597692,-0.30420564867553374,1.3402303579714758,1.0001302859127865,15000,1,0.8220666666666666
-3.815136620427975,2.0458022966806877,-8.501809576868325,-4.986779735795629,-3.606088787063764,-2.400353892584053,-0.44223091925419394,1.0014958949244306,1493,0,0.9878666666666667
0.9713099980986726,1.652577971102654,-1.9538261692403507,-0.08176038622784666,0.8719994865308867,1.900510774789641,4.483171701512369,1.0017988294096918,2139,1,0.7292
0.5502075071893745,1.729682356988412,-2.6129318776389154,-0.5442516821220317,0.4577038540373912,1.52118835963421,4.3528994484974755,1.000271426362661,8104,1,0.6238666666666667
2.38905001082079,1.9201707849011929,-0.8001321145758324,1.091109911231098,2.1826691399600096,3.4474601409045684,6.747583671410791,0.9999960058107393,15000,1,0.9224
1.8579256975854297,2.026260066187826,-1.4503691136597339,0.5068397026973797,1.5916577920229376,2.921092235206782,6.617205502238547,1.0004065219290714,6193,1,0.8438
-4.952126391919702,2.060123525965344,-9.754318184030812,-6.079839520190229,-4.702968371121589,-3.536289965998075,-1.6448283531881107,1.0004264475812852,7638,0,0.9994666666666666
1.2317230689930563,2.1453244707972785,-2.568115770878739,-0.1940622580967033,1.070988333648035,2.4376659413846378,6.1325381509920645,1.0002016394530886,8748,1,0.7149333333333333
1.6602760918091783,2.0795888796834627,-1.9824968666000662,0.2905691139506704,1.4994372924859858,2.83761180720806,6.2621676966460615,1.000582390374084,3692,1,0.7974666666666667
-4.698786088113639,2.1320513370446403,-9.573155818765368,-5.909293655796065,-4.465007000471938,-3.245993231904351,-1.1689332027283441,1.0010166608057005,6401,0,0.996
0.537396159694035,2.2961636446495395,-3.4362549379968663,-1.0183944665540052,0.3566735801372532,1.8714260667377345,5.5803383681468945,1.0003089428438425,14468,1,0.5669333333333333
-1.018406397519273,2.623760930206301,-5.507968983974075,-2.841729730035965,-1.2906767933112597,0.5949510639865511,4.688552793427136,1.000182843316094,9987,1,0.6801333333333334
0.9467164984773244,2.1695393321553134,-2.847327062035225,-0.47422593119609063,0.7608675398022152,2.198162409879944,5.786140396680992,1.0007916619465171,2689,1,0.6588
0.6579034940667577,2.2330060169821473,-3.3750436724986743,-0.8098551548070954,0.5205558309951389,1.962307648056552,5.525293914548676,1.0004151887874204,4196,1,0.6006666666666667
0.8298254320411528,2.2278762190690387,-3.1397218724288685,-0.6408390472272003,0.6612399944045174,2.100534367570929,5.8014333503662385,1.0000138023667289,15000,1,0.632
-0.7074675531808542,2.3153016537323867,-4.712224056128317,-2.231890112032164,-0.9189729371369119,0.6305168761779253,4.46728209471134,1.0003395553098111,15000,1,0.6632
0.7334731399984445,2.2205026521945843,-3.237870086163079,-0.7417881221367861,0.5897438027082131,2.0226215783550296,5.649940678143211,1.0000563353794425,15000,1,0.6136666666666667
0.574120940396065,2.2460523596043225,-3.4873253052811655,-0.9117301817197515,0.44323881769488893,1.88696850754796,5.458405950337682,1.0003802515069586,13684,1,0.5838666666666666
0.5790338955526877,2.3139269116496464,-3.590921328478546,-0.9580975524934445,0.4252858804788696,1.9256820964018928,5.642519579748033,1.000155176551105,11365,1,0.5829333333333333
0.38079763873057676,2.346276341490464,-3.9490706630685946,-1.1285169878770545,0.26610379018504937,1.756182908396577,5.464315164981977,1.0015028227294638,1417,1,0.5512
0.744564795989474,2.213455401350791,-3.248053831294992,-0.7074423734811002,0.5782536171221275,2.002522768717774,5.586400849556084,0.9999282086571271,15000,1,0.6163333333333333
0.6592412987636784,2.29655257089616,-3.4160775023594185,-0.8717871118531726,0.4858215011165067,1.9624854389326873,5.761634135796369,1.0003945507955208,6164,1,0.5918
0.4745216798891126,2.3397970299521726,-3.826517987443236,-1.0593877278567274,0.3413891361491551,1.8527336294192849,5.542102698554474,0.9999865867263629,15000,1,0.5629333333333333
0.38749029052152517,2.341385297066349,-3.917430677176547,-1.1570248101622256,0.27464880270628966,1.787602261513498,5.4142630578776,0.9999458584753464,15000,1,0.5475333333333333
0.49621132878612567,2.3119940330195234,-3.6897958431957183,-1.004233617312413,0.3624234353078555,1.8283160984825546,5.537634705140706,0.9999920159806648,15000,1,0.5721333333333334
0.4655054492529767,2.33048283502411,-3.8081970495286717,-1.0497268224915828,0.34593516851174266,1.8328787896163279,5.486297961099195,1.0003446993999208,10279,1,0.5673333333333334
-0.756354349929164,1.861658139328641,-4.365966684722236,-1.8917993211618684,-0.7741609770831419,0.31892672269080846,3.0508467059011313,1.0003171883236106,6352,1,0.6855333333333333
1.2241767641365364,2.075456400633496,-2.370566451285254,-0.1534493428929823,1.0364074522072775,2.400993893816321,5.910762923937802,1.0003238403389365,6157,1,0.7207333333333333
1.1298924204558312,2.1104981416593462,-2.574876869758856,-0.2785484978079139,0.9574011928636359,2.334831717812856,5.896823611057155,0.9999930720405952,15000,1,0.7004666666666667
-0.8759610179941428,1.9135330624592575,-4.648832419504571,-2.042612278155344,-0.894573272662506,0.2556185496349345,3.1151654407035694,1.000000222346497,15000,1,0.6986666666666667
-0.9913451901922324,1.9095453521782586,-4.781804492476642,-2.1768164397495164,-1.0035724769059597,0.17258135773202435,2.9417917450148763,1.000410875624826,5784,1,0.7191333333333333
1.7354056073402615,2.0857950329862742,-1.8544649202937082,0.34430418272256613,1.536034802595964,2.919333752070121,6.4464292699885215,1.0002772770807866,15000,1,0.8101333333333334
1.2193733214055305,2.292548881998086,-2.8476083183699488,-0.3006523585043471,1.0280743677054789,2.551167772688096,6.339320311793201,1.001124679632137,2631,1,0.6960666666666666
-1.2910675571152963,2.5898241707917684,-5.873004909732426,-3.0426652658258364,-1.5004344644616716,0.2917395037929526,4.253782469296313,1.001282731566526,1463,1,0.7164666666666667
0.7140518925775776,2.2569674185081103,-3.359201730451068,-0.7768453226075349,0.5663982744328949,2.0543865739524714,5.585868934507576,1.0004757009809595,3997,1,0.6103333333333333
0.4742896277457411,2.301322133055711,-3.7379241966580197,-1.0392514192233155,0.341948436928895,1.8536430887856314,5.377487318559271,1.0003120318800272,5734,1,0.5646
0.4139374491119448,2.349800211513906,-3.8692170755682502,-1.1327815675900474,0.2995452255034249,1.7871935933872487,5.469620149845614,1.0000875388000883,15000,1,0.5579333333333333
0.4361346278172986,2.323075596806623,-3.8417090691589104,-1.0886351581222995,0.3097073889957272,1.8158666722130061,5.444943818600749,1.0004567991076514,5256,1,0.5604666666666667
0.6340110497943685,2.2139285990227044,-3.389807727094792,-0.8238999924356784,0.493303323851338,1.9130092153346814,5.4926691321865375,1.000878407927968,4630,1,0.598
0.47644660556018603,2.3419288109596073,-3.7488521238155443,-1.0666612393337727,0.34217114128831577,1.8611392815098915,5.617477471622271,0.9999884497424519,15000,1,0.5647333333333333
0.5260637482952614,2.291915374346979,-3.5756596723351106,-0.9545102903032989,0.39976569011726293,1.8242182557118647,5.554601127708008,1.0004524508736228,7835,1,0.5784666666666667
0.7320436747468978,2.2885937585588736,-3.3000065077379293,-0.7520827590331316,0.5529124864847137,2.020322291525928,5.895464560864795,1.0003176780759506,15000,1,0.6103333333333333
-0.18041242228875942,1.1375562355250595,-2.5559515446868017,-0.7366656273899919,-0.10495694112016721,0.3050601712135948,2.3332000850097496,1.0021372926594208,1485,1,0.589
0.07678992597807208,1.2220995194155457,-2.2947440553531413,-0.4944462979124548,0.004739435961579172,0.5464050767500077,2.8349290837299117,1.005244316451886,1772,1,0.5078666666666667
-0.3583274895176778,1.2067655295052715,-3.015558752768387,-0.9561332628702721,-0.1923935738993317,0.21680842354738986,2.040472731499097,1.0003492693748344,11345,1,0.6236666666666667
1.0646834469669864,1.7041219586698222,-0.9855054722786744,-0.0047112579658612,0.5272152234770691,1.6947668684012334,5.6152691433166675,1.0017953496432281,2346,1,0.7446
1.6620629620904304,2.006059455048562,-0.537382589891974,0.1696368718662214,1.0457771191346548,2.57041182484721,6.852997356690826,1.0063911800115275,772,1,0.8432666666666667
1.1744531364638833,2.058106156456976,-1.0220912576267394,-0.0051903751160661815,0.5507961521626651,1.780167727045097,6.37510972792095,1.0163497289850392,996,1,0.743
0.5106666666666667,0.49990287298072533,0,0,1,1,1,1.0000110842562489,15000,1,1
0.31866666666666665,0.46597499689940935,0,0,0,1,1,1.0001443827920504,9417,1,1
-0.05517387821422721,0.09391436530789309,-0.31615309765192534,-0.06282320875892833,-0.020336423883578335,-0.004883271775113945,-9.979865457747127e-5,1.0026169854026579,5903,0,1
-0.07279368904774312,0.11737367096078175,-0.3951636403838205,-0.08886751725735244,-0.02944929264082241,-0.0072760532606901025,-1.8481262840351829e-4,1.001075279861582,13075,0,1
-0.1016394099705365,0.14558354971887924,-0.5119114336366938,-0.13098871831998027,-0.04605174203481563,-0.01203380912998062,-2.982958974946715e-4,1.0004438924366985,14484,0,1
-0.0777893907220204,0.12308541794864525,-0.4274913329218314,-0.09369081155029194,-0.031833173725095976,-0.007923211845670942,-1.779584908225289e-4,1.000384545898386,5251,0,1
-0.04915361446810491,0.09157393347160145,-0.2994163194171907,-0.05324383007636495,-0.015650476099052384,-0.003352980640654115,-4.5988989734529746e-5,1.0016562865768461,5783,0,1
-0.04367142502953623,0.08017289057133256,-0.2636349842682608,-0.04815863126179032,-0.014435399457686033,-0.0031996658406742966,-5.215859109841526e-5,1.000240303733885,12173,0,1
-0.020980018945037555,0.04916912008575096,-0.15048264597881525,-0.018839478023505392,-0.0043764341637181035,-7.510242383520744e-4,-7.982383773464912e-6,1.0005889864929995,15000,0,1
-0.3317251866378936,0.30489860709765243,-1.145032633599714,-0.4503770438730633,-0.24244012293038025,-0.11685781563409596,-0.017672782095651974,1.000327426865168,15000,0,1
-1.161468918808067,0.7684838288192161,-2.9915524271398923,-1.5944110680007602,-1.0338044282439167,-0.598508892034085,-0.053509287207016386,1.0002156267936395,8288,0,1
-0.9114128733983345,0.6470268229416027,-2.549357712883647,-1.2095855943648541,-0.7682676706776981,-0.44836385630737047,-0.09828060988050524,1.0000508082603323,15000,0,1
-0.1194407780219986,0.18303263828695862,-0.646339662527457,-0.14165036110330353,-0.05360515936588671,-0.01903486383639419,-0.0016569229226004775,1.002117048792647,14286,0,1
-0.3185965908813432,0.3217525383561751,-1.1881267517489393,-0.43972490696758515,-0.21502728331281196,-0.09169360365595138,-0.010208381947055607,1.000071309348009,15000,0,1
-0.4333479954104519,0.3874856235822503,-1.4664279084869105,-0.5943653559020279,-0.3232748296425969,-0.1521019858302504,-0.021399316191811568,0.9999388039896002,15000,0,1
-0.1990206873413016,0.24218802969162753,-0.8871944246920529,-0.2637493525458977,-0.11009586652499342,-0.040573865489708635,-0.0038238649863222445,1.0000692853258102,15000,0,1
-1.0502172459674277,0.6459277616947856,-2.6156712337236256,-1.4023385445254282,-0.9333556800894918,-0.5716543300571215,-0.14793981853304106,1.000674601171809,2749,0,1
-0.659873188096082,0.4646249142056092,-1.8247292142847567,-0.8873820797853745,-0.551550430835213,-0.31774124455810615,-0.0835699938005631,1.0002936414385102,6116,0,1
-0.5751028111106188,0.38693186528400053,-1.5598350305333577,-0.7592564636382265,-0.4899788390546158,-0.2945079432035297,-0.0901489245436969,1.0001252917468133,11113,0,1
-0.5099628944621194,0.3987060709998981,-1.5184991104684884,-0.6928660187116851,-0.40532048713833263,-0.21903268760204286,-0.05407241543606224,1.000459806261053,5791,0,1
-0.9958803495316226,0.6776281743598865,-2.639532678154381,-1.364527705960041,-0.8608118725554328,-0.4787362106713261,-0.11084926976920835,1.0003632939231397,4388,0,1
-0.9530766512757642,0.6087080652852159,-2.4518306359775903,-1.2838502535272556,-0.8279225992601223,-0.49562267518155584,-0.14271410285402494,1.0007482872572586,3358,0,1
-0.5526783472574358,0.4910468041963925,-1.818055616978074,-0.7827153799437101,-0.40730684202691,-0.18892821327974477,-0.031082547637148794,1.0016291395596606,2191,0,1
-0.3063763037522076,0.3721989594821538,-1.3452019006875096,-0.4165893318651061,-0.17055301053346034,-0.05594964459390693,-0.0027743134431193325,1.000083486047138,15000,0,1
-0.19012139069464812,0.2608101621916742,-0.9048541264163836,-0.2481496962089391,-0.0975862110483969,-0.0311465159974506,-0.0014059960816306723,1.000634276844016,6597,0,1
-0.06893942572623024,0.1262814032827289,-0.34131634691919155,-0.08285365438882072,-0.03187068587915377,-0.010072280678884788,-4.4766534117733544e-4,1.0035047510028585,5264,0,1
-0.07285500114647278,0.14059753358799656,-0.39775473411655154,-0.08251297127204758,-0.02804230383868382,-0.007517594822656919,-2.649122911074681e-4,1.0007524437218265,10643,0,1
-0.06944961939562135,0.1683407005341382,-0.40120146755508523,-0.0704689512604476,-0.02303542093265025,-0.006138768208443382,-2.2519934977697362e-4,1.0031633305979022,15000,0,1
-0.06686600271523947,0.16277966032208788,-0.36974279511817465,-0.07095351239535479,-0.02366492943596611,-0.006423334618502629,-2.195130941104338e-4,1.00080615398837,15000,0,1
-0.11662782544556966,0.2427684755917066,-0.7202953972801133,-0.12142452918498056,-0.037525217619314793,-0.009825478193527982,-3.1611487923364817e-4,1.0001874914406694,11352,0,1
-0.1523697830326741,0.19673775482353884,-0.7087789179045153,-0.19856329937251357,-0.08148119348624461,-0.028644654834805144,-0.0011480665866867876,1.0015467809554774,4110,0,1
-0.21358019286862842,0.2301909516255281,-0.8638664622518003,-0.2896022677203395,-0.14105727179265137,-0.05482006334493248,-0.0030670165723425953,1.0007752513015924,6205,0,1
-0.21576639262837188,0.216218403001225,-0.8031277846428756,-0.29639272429152796,-0.150764783476311,-0.0628000253599611,-0.0033035870317802175,1.0004326467565212,5873,0,1
-1.0392432670086351,0.8385617284809858,-3.1274980592564154,-1.4613403369528735,-0.8594687946541899,-0.42370216514772197,-0.007895059248152815,1.00012739444311,9417,0,1
-0.8179172899672655,0.833164101601094,-2.922228143241327,-1.2592675463963612,-0.5736888490931273,-0.12762926769777583,-0.0027712575008982,1.0001129348358686,14041,0,1
-0.4562108660142035,0.4211729143182444,-1.5550818531067463,-0.6407729465960315,-0.3347619948963054,-0.14498201690557863,-0.008072519031955383,1.0001391980498253,10912,0,1
-0.350948023923645,0.4048469363740672,-1.4687675564654412,-0.4768778453210143,-0.21116202685047597,-0.07233345091292234,-0.002891396371114755,1.0002268124897011,15000,0,1
-0.24872006918610695,0.2820554559911306,-1.022467827120081,-0.3386989461035093,-0.15153950983090025,-0.05650636188213512,-0.002755026501275686,1.0002080698497924,8717,0,1
-0.2656265438862054,0.27827496560505505,-1.033842753721372,-0.36338069414067636,-0.17884056842590124,-0.07088818017007176,-0.0032386660358432466,1.000015162962815,15000,0,1
-0.2779976630469804,0.2716703239006782,-0.994832780521688,-0.3893417323984949,-0.19678683139145767,-0.08166015710780788,-0.003325276760445407,1.000218053546209,10764,0,1
-1.0914930136693313,0.929209166143583,-3.406895243205645,-1.5744983285741296,-0.8849153182149193,-0.3777806586594373,-0.004219469187202689,0.9999224553031413,15000,0,1
-0.14324104398339657,0.1623887303955707,-0.5928924655352104,-0.195058363863661,-0.08891935826696741,-0.03254778966252037,-0.0010750068126773409,1.0005950732146192,4213,0,1
-0.17561878330904762,0.23948016878126194,-0.8668185095154606,-0.23038202772655303,-0.08456964452205226,-0.022137320201673503,-4.425920026273876e-4,1.0008700996703719,3579,0,1
-0.15159574140902307,0.21682621959677847,-0.7741755807831199,-0.1957063764449597,-0.0683919242809713,-0.017889835525224083,-4.373440393655416e-4,1.0008415015255898,4384,0,1
-1.3255870855340537,1.6720798291926908,-5.140039245074533,-2.586246156215731,-0.047239273277803556,-0.0024836386311679537,-3.1214958255717455e-5,1.0002680238466952,6051,0,1
-0.0662105245210941,0.1127023733391326,-0.39389136766501487,-0.07597837685030748,-0.023523402902529224,-0.005515312096570401,-1.0641121962352505e-4,1.0012192693685815,15000,0,1
-0.044672124657446334,0.0769299559133425,-0.2565412058635947,-0.05139791040153947,-0.01703772386761859,-0.004336870691680985,-9.849102045126746e-5,1.002017023375574,15000,0,1
-0.06945793879692054,0.10126102968730845,-0.36460479169214,-0.08742046125764319,-0.030501757261426225,-0.007892881274406873,-1.7784385429565753e-4,1.0003267607643387,15000,0,1
-0.15590376321383287,0.24636072024147984,-0.8726608265172247,-0.18707996556020906,-0.06089221585190092,-0.015259603391564461,-3.375285149265976e-4,1.0004402769252219,15000,0,1
-0.03486231740078511,0.05860747490903283,-0.19918425593223774,-0.04076639160521617,-0.013504532200763482,-0.003467606056708555,-7.178716340928508e-5,1.0012155384584223,11651,0,1
-0.04719192310862597,0.08694518289060897,-0.29158989154681686,-0.05200761021099118,-0.014737330220003553,-0.0030399646617921307,-3.868420155990199e-5,1.0006602414524073,15000,0,1
-0.046178287290697985,0.08723480969360385,-0.30261757270327083,-0.049589298353421095,-0.013582882200406824,-0.0028331856387255085,-3.9901877884050607e-5,1.0004196022022815,10722,0,1
-0.032609641692120904,0.07412424080064262,-0.23942796676635397,-0.02994261016184794,-0.006508004388584258,-9.717420842865113e-4,-8.799557829987228e-6,1.0006247459095845,14586,0,1
-0.04859761854106027,0.08814318778496616,-0.2861313206725741,-0.05486222066733118,-0.01607138277785576,-0.003214288950837826,-4.3565493858615495e-5,1.0008686713291735,7965,0,1
-0.13690705521838545,0.19500061238042837,-0.6781114789293097,-0.1801411607768501,-0.06226476215120258,-0.01507402100136468,-2.4127870652294786e-4,1.0002422133193298,9804,0,1
-0.06531985448811563,0.0972492380344384,-0.33371403580298536,-0.0838648334095064,-0.028504336792088004,-0.006433542093852353,-9.925236335139432e-5,1.000170756359062,13499,0,1
-0.34366095345569264,0.42181145858812036,-1.5365346804465565,-0.47651488361435357,-0.18701779470451496,-0.05281492772132555,-0.0010019119653592364,1.0001283995026193,15000,0,1
-0.11351109172401713,0.15605419309571983,-0.5427355402398857,-0.15026441743860797,-0.055095738322434716,-0.013634423137449642,-2.0729873189372384e-4,1.00057992721813,6672,0,1
-0.050833125771872725,0.09391858258161143,-0.3218377900677533,-0.055412840169575324,-0.014608394751274872,-0.0024702188798938116,-2.465547241059988e-5,1.0009539150594267,15000,0,1
-0.06183659749377169,0.11045924634920064,-0.37622650768480403,-0.07032531922877179,-0.01861718111663576,-0.003456907523008877,-3.6413497869387215e-5,1.0010327882982955,7850,0,1
-1.1029208731550684,1.5609713781109313,-4.882808475993328,-2.161591262350114,-0.023136534378935127,-0.001422459927832011,-8.927888016080745e-6,0.999973806687076,15000,0,1
-0.24103478921479277,0.2825418782109367,-1.033101402861377,-0.32725346053228416,-0.14342283653172685,-0.050216667834025494,-0.002742019342432999,1.0003208482429269,15000,0,1
-0.06317760821002447,0.13731678897593078,-0.3258242502724625,-0.07284677522910132,-0.026694668628395948,-0.008149941277968762,-3.4320854350548287e-4,1.0175442481858448,15000,0,1
-0.16783074517405144,0.22679763840845085,-0.7364635678187438,-0.2203497131267023,-0.09458772132989533,-0.03321347152079862,-0.001654618821799641,1.001058651870268,15000,0,1
-0.02873852827310637,0.12643529687374558,-0.18634299887653075,-0.021885810343682963,-0.005706414362086316,-0.0011841659550958315,-2.6065613744268154e-5,1.0253259667562886,12779,0,1
-0.1251940227689411,0.24588198253066282,-0.6184011707426806,-0.14247711705357374,-0.05434244026960239,-0.01725123518247067,-6.768735897574697e-4,1.0018315140588079,15000,0,1
-0.15598631666854954,0.23992157223010638,-0.7686044060456741,-0.19338032210910264,-0.07458983464386901,-0.02462234662787675,-0.001207654986837862,1.0008575974851257,15000,0,1
-0.1720443050900857,0.23112556506678658,-0.8277306768020413,-0.2191344906398207,-0.09047957136494894,-0.03005982533920263,-0.001554460036857896,1.0000395725157485,15000,0,1
-0.24367516777402742,0.3242306701197036,-1.1594581287584758,-0.3153165324445547,-0.12641890516858362,-0.041383156103929265,-0.0025234677721513383,1.0005020395307724,15000,0,1
-0.12405690065854506,0.23339422550043426,-0.810521330730257,-0.13189081739523756,-0.03541556144331945,-0.006899433539025726,-9.656417540278158e-5,1.0002868163794003,15000,0,1
-0.02462206368531258,0.06442180078752212,-0.18961495951452495,-0.019744724589652506,-0.004316236020132577,-7.2888650058608e-4,-8.9909273446121e-6,1.000000963241138,15000,0,1
-0.021805966013013378,0.05225767002446494,-0.1609687036690901,-0.01843778127383454,-0.004328778031580848,-7.59162827481992e-4,-8.638187932882326e-6,1.0010925302604217,15000,0,1
-0.031558506092539323,0.07254174090852308,-0.2313391091711336,-0.02768233914952601,-0.006405716850223267,-0.0011226164677518293,-1.3386200941148564e-5,1.0019049508644715,11393,0,1
-0.019077850506607107,0.046762319146743205,-0.14070425606765177,-0.01566051256005863,-0.003370064106857069,-5.393325915616562e-4,-4.918971138147876e-6,1.0022780504935684,12552,0,1
-0.007694433521060181,0.028053940340532824,-0.06249580684058624,-0.0043596428511206466,-7.177981207386443e-4,-7.867289537594691e-5,-3.762493438192928e-7,1.0057421920182892,9866,0,1
-0.01889779068561433,0.062239575673715124,-0.158709572980267,-0.01100977957450909,-0.0018447556507934968,-2.1726884788429186e-4,-1.2682708728744904e-6,1.000220592422784,15000,0,1
-0.009806250748121404,0.03982606066436735,-0.07718143273895452,-0.004808497040798693,-8.664153548666063e-4,-1.241082651547328e-4,-1.1684803425916252e-6,1.031326766765703,4498,0,1
-0.0853881778005209,0.1594422703823322,-0.5446288161473684,-0.09246897134332244,-0.02676571607873044,-0.00590942378783188,-1.0334811670233298e-4,1.000049083298307,15000,0,1
-0.030981278887914746,0.06999633820721514,-0.21096874434359233,-0.028752853787137232,-0.007688010791127891,-0.0015570052510392694,-2.2781714685781297e-5,1.0009151509861829,15000,0,1
-0.04722161756083328,0.0962868468526431,-0.3147485382203715,-0.04711795884805403,-0.01262460488840899,-0.00247810964009427,-3.274139237503931e-5,1.0021725172642093,15000,0,1
-0.025802933272978598,0.06307731839089194,-0.1939294500664274,-0.022029856413803076,-0.004898509953000693,-7.486702840395807e-4,-5.664335111269253e-6,1.003311342034451,15000,0,1
-0.15256509188432268,0.2728284162795087,-0.9684967870060103,-0.17115107637096974,-0.043772674011014076,-0.007536727293830425,-8.178609822142111e-5,1.0009461089830523,15000,0,1
-0.23405317404203177,0.30879132658149394,-1.0730075559646857,-0.3112718306023681,-0.12123982681849287,-0.037605350653138185,-0.0014250397469389672,1.0005974773706432,8923,0,1
-0.15514080077073644,0.223163336828318,-0.7580617929937804,-0.2004361604314251,-0.07589570841021169,-0.023140478801212,-7.647995986844779e-4,1.0013120733599703,15000,0,1
-0.19377287929663956,0.24725859603260106,-0.8803736420305969,-0.25955076180217607,-0.10487823924866796,-0.03385924163702902,-0.0012980891814107672,1.0000684976312864,15000,0,1
-0.26996682059010046,0.35719631215719067,-1.3004426251612942,-0.3486880737071969,-0.13921727695018654,-0.0448124939831858,-0.0023217685211063335,0.9999536109508307,15000,0,1
-0.4611651341189973,0.5088506553699181,-1.892196635361111,-0.6314780171302433,-0.28832439824979333,-0.10884502981345406,-0.008940670401456928,1.000166080432662,15000,0,1
-0.2724109132364109,0.431283994266874,-1.5486011547265517,-0.32400299987875836,-0.10833490693075062,-0.02955926740292577,-0.0013130188195487182,0.9999873977321622,15000,0,1
-0.08459455364327509,0.1713400441993123,-0.5821971791367389,-0.0864270617689818,-0.018105675773417665,-0.0027293821846124415,-2.191199457223248e-5,1.0018767226490894,10266,0,1
-0.03339444041583131,0.07822061898169745,-0.23393494368307396,-0.03045728531208952,-0.006603812667370616,-0.001050890119233716,-1.0050360128321409e-5,1.0082453148674726,6540,0,1
-0.02077674203208223,0.05035750682528945,-0.15122866580559224,-0.018081460617070673,-0.0038626556480894072,-5.733622944678415e-4,-4.63542571172628e-6,1.0048508957639068,15000,0,1
-0.048739730550747214,0.10740088753169486,-0.3479150926532285,-0.044647945268830126,-0.009136857803883297,-0.00126341200324996,-9.509397389250463e-6,1.0002240789149035,15000,0,1
-0.0332892242049623,0.08976075187396167,-0.27779358786293273,-0.02329973202498368,-0.003665041963333159,-4.340999837084351e-4,-1.9551868637723876e-6,1.0018255039615653,15000,0,1
-0.01718311374010368,0.052241786461308705,-0.13714404583388798,-0.010712426873979955,-0.0016721481997862943,-1.938048857286464e-4,-9.453200217863949e-7,1.001695408106079,15000,0,1
-0.5416150094947565,1.377143535490976,-4.904621127095667,-0.009585236010513644,-8.439254886492431e-4,-7.227171531604437e-5,-2.2468796307272922e-7,1.0020507118915574,3797,0,1
-0.13737338842233773,0.23786429904860015,-0.8344047812624016,-0.16591832763424436,-0.033708350307279755,-0.0031364792702537584,-1.2876523107239754e-5,1.0000587861718666,15000,0,1
-0.15903382709446057,0.2591063766662407,-0.9074191728825747,-0.2038062430105036,-0.044256694461800694,-0.004274117378026316,-1.851951864344181e-5,1.000224795673471,13588,0,1
-0.07576419652013056,0.1361754129917758,-0.4689562828320335,-0.08964064239003736,-0.016771310495828858,-0.0014363009715972343,-5.697178034149095e-6,1.000256794114344,9720,0,1
-0.9886736403528544,1.3565844017739734,-4.532490678663839,-1.7200575374746798,-0.10335441165016324,-0.0019577354568073068,-6.2103018555119934e-6,1.000110048088003,10955,0,1
-0.595365506161589,1.0872876761908394,-3.6506917680703284,-0.802241521905272,-0.014516169334356826,-7.672751162611376e-4,-1.5960938571721797e-6,1.0002678664965952,6169,0,1
-0.043148069799401355,0.09652160103473123,-0.31999278615368837,-0.03963783500531291,-0.00591606923666143,-3.75014970401309e-4,-7.863316824708731e-7,1.0011159189831966,8801,0,1
-0.03810170970836019,0.10014044388652389,-0.3154138137932098,-0.026956276082487247,-0.003543206263178059,-2.1399371864854852e-4,-3.08469263816365e-7,1.00043777068322,15000,0,1
-0.006623525364311345,0.019471851530971633,-0.0493122840203838,-0.005077726968376023,-0.0011214348488660852,-1.8430356457220618e-4,-1.5994083887649627e-6,1.0041539605549954,9810,0,1
-0.028748263820940263,0.06634059108936322,-0.20371362485955455,-0.026585701971880794,-0.006635048266733582,-0.0011930255918128456,-1.2981001041344198e-5,1.0038885541540459,4955,0,1
-0.03525474474740055,0.0733665463484263,-0.2380400982182076,-0.035306096507917085,-0.009009273953659566,-0.0016115244616844726,-1.619419645278389e-5,1.0027277330734696,3829,0,1
-0.0478771048271285,0.09849923334526049,-0.3257807060563918,-0.047987002259054654,-0.011466163710405061,-0.0018982115422239618,-1.6489369886447593e-5,1.0037982883700654,2706,0,1
-0.029549037155281795,0.07119164276521014,-0.22306646549909415,-0.02471470624125895,-0.0054108493577116525,-7.105527545616351e-4,-4.652290301532331e-6,1.0025475868945553,3910,0,1
-0.018774626211122167,0.0503385810332044,-0.14160950273669945,-0.015229967928217025,-0.0032468115108002984,-4.77270212453846e-4,-2.7254176113902076e-6,1.0074646910917175,3071,0,1
-0.00968920729740348,0.033201181699701536,-0.07868859178033527,-0.006011159534558198,-0.0010464416940604137,-1.1723473272364564e-4,-4.6710830788787805e-7,1.0193897399767184,4027,0,1
-0.006738229530345067,0.02183018130242621,-0.05183523787778972,-0.004544269804538523,-9.1424257521129e-4,-1.390819545146732e-4,-1.1989373560760888e-6,1.000172397810915,13041,0,1
-0.02641676595126527,0.06832327751822473,-0.19460102358048226,-0.021998737139605776,-0.005041975787690523,-8.446794169819522e-4,-8.765832596022922e-6,1.0019443331620792,15000,0,1
-0.01988584821367024,0.048399289500341086,-0.14435493029859123,-0.017195552156473087,-0.00392678563314848,-6.628943286438485e-4,-6.42749528168411e-6,1.0002386685716786,11251,0,1
-0.03736322048020986,0.08951019679494214,-0.2705863406830664,-0.03228334770036532,-0.007004768767175944,-0.0011329831336972357,-9.624028248928189e-6,1.0001477592246073,10989,0,1
-0.015892546395543737,0.044817795153270175,-0.12617598392846252,-0.011454023981377298,-0.0021317833200851966,-2.8670129773170116e-4,-1.6542484050892713e-6,1.0000777692696876,13510,0,1
-0.008464295502239049,0.02680573396307428,-0.06366220938558138,-0.005898068782412473,-0.0010914301180592646,-1.5002377060775862e-4,-9.762834068716041e-7,1.0057231209895203,15000,0,1
-0.006400984540932041,0.023700448038190575,-0.05450911599843968,-0.00352313992676542,-5.350836898826665e-4,-6.023036010079633e-5,-2.570572423466874e-7,1.0036104014765879,12650,0,1
-0.005171331112721447,0.01771452776725435,-0.039526643356309336,-0.0033664424639504873,-6.884441480382821e-4,-9.968085440825368e-5,-7.824280572915004e-7,1.0095865002454396,15000,0,1
-0.02975496904021018,0.06909555251864748,-0.2067981604280681,-0.026334362147625558,-0.006628788558224086,-0.0010853588913284982,-1.0402246615237137e-5,1.0032350674195663,15000,0,1
-0.03608333415361835,0.07787939461400709,-0.2479051045587081,-0.034237508164457295,-0.008329725170721685,-0.0014035893230476563,-1.2013474290230932e-5,1.0025285710490288,11556,0,1
-0.03276087642562445,0.07619368498464862,-0.22916827650514832,-0.029373149742791194,-0.006666840742872625,-0.001067488923711138,-7.1076151134177215e-6,1.0012148288670653,9383,0,1
-0.02090105311066,0.0576240262617423,-0.1561852892856967,-0.01601731702482541,-0.003179949764724705,-4.1675194069130787e-4,-1.8095544767833746e-6,1.0029009748183666,4919,0,1
-0.010797157561321604,0.030886541966828798,-0.08457625914785147,-0.008289820717405832,-0.0016421535468147067,-2.2544102132192824e-4,-1.1798700408603497e-6,1.0007738976797749,15000,0,1
-0.007739818369742568,0.02588649456875612,-0.06238852099236122,-0.004769575590078563,-7.553728677902318e-4,-8.188185915205092e-5,-2.7917364690557036e-7,1.0068939418589233,5973,0,1
-0.05778211001817848,0.10806338221624821,-0.3585865310945733,-0.06387622570700778,-0.01664031508476077,-0.002345840244368869,-1.2596726403640624e-5,1.0003572257939544,8934,0,1
-0.06405391347650612,0.12104668115728486,-0.4071791816997791,-0.07023908353991137,-0.017946663839645036,-0.002499884482474671,-1.4295117167937207e-5,1.003008391386665,2873,0,1
-0.10616186177205036,0.17168220273053034,-0.6046601313090514,-0.1325781582053835,-0.03618680769078769,-0.004852525788334864,-2.630835013933441e-5,1.0029872800105775,2345,0,1
-1.3014421843502726,1.517359410993914,-4.829566244882925,-2.364684390724423,-0.7672403830553391,-0.004051467000734681,-1.5144398992832616e-5,1.000450233731125,10547,0,1
-0.0694982823778843,0.13658775619574093,-0.4646501581370422,-0.0740253768901978,-0.016331029632223458,-0.001802078483683177,-5.072926338637585e-6,1.0010324167407532,5743,0,1
-0.04653529449658876,0.09596311161849652,-0.3188894770664726,-0.04765476333663265,-0.010286642649869438,-0.0012437672551672031,-3.6500470852658623e-6,1.0003217321583193,11679,0,1
-0.008532843471285214,0.02632355560950155,-0.07066498526307109,-0.00564747555055668,-0.0010118212769902213,-1.0506639235365076e-4,-2.3066474278908488e-7,1.004581971214346,15000,0,1
-0.016780024726017806,0.043526147435868655,-0.12194437783143607,-0.014129624676138328,-0.003161664813524716,-5.235961998573733e-4,-4.087301534489085e-6,1.0025076801116863,15000,0,1
-0.018040519133029894,0.045668536876448874,-0.1327815561562084,-0.014926430787187531,-0.0034487080274923755,-5.980130832292915e-4,-5.504868400668787e-6,1.0054795255393076,15000,0,1
-0.03120420387755393,0.06934652795785928,-0.21376574293477038,-0.02897437827897497,-0.0068985870071361435,-0.0012120500278438875,-1.030439093021373e-5,1.0015397160096582,15000,0,1
-0.03082424240922664,0.07258051075152828,-0.2217690890176731,-0.027478359355903852,-0.0062083910076024575,-0.0010231111574124617,-7.661742595978458e-6,1.001341142051067,15000,0,1
-0.021835043189794887,0.06042925530376392,-0.16810088049372074,-0.01636092036607489,-0.003374413497759793,-4.7760806421956426e-4,-2.2235397423212723e-6,1.0036682678304512,15000,0,1
-0.013957607161478718,0.03733302890011666,-0.10929425155937923,-0.010630365769963322,-0.002220338313387193,-3.2150004401546744e-4,-1.8885074327960586e-6,0.999920884197866,15000,0,1
-0.012498980029156373,0.03527631832409995,-0.09453291964163044,-0.00945435979556927,-0.0020244288442911205,-3.207694270329304e-4,-2.9822664960527844e-6,1.0140719215636438,15000,0,1
-0.014066020675070451,0.03906543689694539,-0.1105252761281885,-0.010254186117548938,-0.0022686543202286207,-3.549190154827655e-4,-3.519586669973519e-6,1.0006132109529369,15000,0,1
-0.029292818861191693,0.06791288857759854,-0.21769628336491995,-0.024792212749805722,-0.005786284276412536,-9.574130903884674e-4,-9.967023397574977e-6,1.0021815177941138,15000,0,1
-0.018741192988588222,0.04966087750144981,-0.14433176749514995,-0.014566122862726506,-0.0029909853175896584,-4.647893016969505e-4,-3.930177617522096e-6,1.0036697955919454,15000,0,1
-0.008496188102257695,0.025929354772062194,-0.06852117934786728,-0.005665075241726639,-0.0010252145705700933,-1.3047949559953807e-4,-7.292943390741802e-7,1.0066561128495108,11324,0,1
-0.012400965205407288,0.03678124449550076,-0.09620984820711584,-0.0089617060295634,-0.0017706039053876012,-2.450078973875336e-4,-1.7553713634142253e-6,1.003659401065785,15000,0,1
-0.008596144562414242,0.02870281903080674,-0.0715313611085559,-0.004931699201012732,-8.568673861236709e-4,-9.88909172876742e-5,-4.4953241057739466e-7,1.0123692355860652,8454,0,1
-0.012810614181278199,0.03765865353741809,-0.09656913002867082,-0.009584881351892614,-0.001903984669934395,-2.9169200037046866e-4,-2.575215569661794e-6,1.013760790453176,5986,0,1
-0.013984939470977792,0.04168195616117037,-0.10412765699489951,-0.010332817817239905,-0.0021218630264069186,-3.2391491342876e-4,-2.9527831947348893e-6,1.0195154432428362,5977,0,1
-0.02904887353088751,0.07356226739304089,-0.21874386572295976,-0.024308785861449463,-0.005221390283969481,-8.766334358392083e-4,-8.187757821328432e-6,1.0028129854562204,12104,0,1
-0.01094574085419151,0.032492365924398456,-0.08493516898621782,-0.007127619316096657,-0.0013888033781622449,-1.9246794247646486e-4,-1.4421401611338852e-6,1.0029608816982045,7050,0,1
-0.013782878150903052,0.04159035134085844,-0.11132862041805257,-0.008963098020112527,-0.001596792854119339,-2.1095721621744071e-4,-1.2138371980987596e-6,1.0009821880812353,12462,0,1
-0.008945730510207821,0.028253097887614743,-0.07001611018129703,-0.005956427396391734,-0.0011024516321817659,-1.5072789426225623e-4,-8.543086165443011e-7,1.0132285100667136,4285,0,1
-0.008159294289053461,0.0283139580622632,-0.0692208394121347,-0.0045343075988633595,-7.160058955318824e-4,-7.981853273797082e-5,-3.2576217898507125e-7,1.0132372183463392,5562,0,1
-0.006815773750350301,0.022672635900347817,-0.056012117400947206,-0.003966142790873388,-7.306420008085731e-4,-9.912089258517584e-5,-6.281379366454665e-7,1.012310031263316,3076,0,1
-0.007154439145535853,0.02564515291367933,-0.05996275326470442,-0.0037286598678845893,-6.491543012287091e-4,-8.53387793522192e-5,-5.225708337798309e-7,1.009650319349628,5559,0,1
-0.010496089870924352,0.034649378711344866,-0.08657342863962632,-0.0064449543135258365,-0.0012563975590179203,-1.799524112569907e-4,-1.2167921938979903e-6,1.020344946543791,3650,0,1
-0.014870913101439016,0.053405898220809433,-0.12263830390792042,-0.008429962292916116,-0.0015846362533315792,-2.1182904660396794e-4,-1.3476980255629052e-6,1.0095585563709484,7371,0,1
-0.007671620628722865,0.028684246632608282,-0.06647786098750352,-0.003885635617897873,-6.48109592657879e-4,-7.72140896438934e-5,-3.2544366333973886e-7,1.0041354130991929,11318,0,1
-0.006163211014783576,0.022815628519763532,-0.0509990243010504,-0.0032659581831774804,-5.532135904869888e-4,-6.608241587271861e-5,-3.528206913426891e-7,1.0030992137433283,15000,0,1
-0.013955742949869038,0.04730698354927957,-0.11758195972645745,-0.007979187000705133,-0.0012815890108232562,-1.4690773060570912e-4,-6.633471479178607e-7,1.0073133951772066,12573,0,1
-0.015210393662798673,0.03781974758208888,-0.11406320598313129,-0.012970569863824642,-0.0028276087830040268,-4.6819648460172327e-4,-4.4722858174593104e-6,1.0001422376878233,13050,0,1
-0.027023884416806067,0.061551616485654825,-0.19389239266056063,-0.02424302855371606,-0.0055134977084160455,-9.631537856349989e-4,-1.1751137273496438e-5,1.0010046478807644,10688,0,1
-0.029391158283301452,0.06416063250212274,-0.20878257940887368,-0.02724580513460772,-0.006311780693577587,-0.0011094281576369694,-1.2382691218213913e-5,1.0000501341470969,15000,0,1
-0.016983299892816873,0.0480141958259359,-0.13264425319863082,-0.0124387351237908,-0.002539666795249533,-3.897171767635333e-4,-2.7368820088731867e-6,1.0094650689077231,6755,0,1
-0.03227919782728602,0.075682075253948225,-0.24276669720213978,-0.027239324659416024,-0.005972366946967445,-9.590494247657839e-4,-9.331528570516753e-6,1.001731139448881,6079,0,1
-0.008604286051394204,0.027053745324234282,-0.06833774934633208,-0.005621854540631735,-0.001054840372623345,-1.392266436548276e-4,-9.129968483133692e-7,1.0027449226631826,8561,0,1
-0.013740393396816368,0.03842312435381107,-0.10626307662263645,-0.010301950598353041,-0.0020934027989673158,-3.1322061071275143e-4,-2.4096267814112834e-6,1.001251987099713,15000,0,1
-0.020985108285938244,0.05218864524662884,-0.16164127259874855,-0.01642591136538388,-0.003614535750595874,-5.665451253485687e-4,-5.043947304980452e-6,1.0000060044536896,15000,0,1
-0.028661932888636537,0.06822717832506056,-0.21726422719508248,-0.0239694202896273,-0.005245460173942445,-8.290453876350311e-4,-7.008198357418693e-6,0.9999325070743518,15000,0,1
-0.004513081763752375,0.020191656710149393,-0.03538413602445762,-0.0019634941224078947,-3.328737172175316e-4,-3.857448907978851e-5,-1.7436199782281503e-7,1.001132660831382,15000,0,1
-0.021427783957021704,0.05544973722141151,-0.16563307825085394,-0.01646693323576547,-0.003299213636898185,-5.094627498001196e-4,-3.5055390180690036e-6,1.0006042179772618,15000,0,1
-0.011674187829444946,0.03809970299356627,-0.09486543472393016,-0.007389584041046526,-0.001260062529851403,-1.554098635864138e-4,-7.617808721759011e-7,1.0071781758331966,15000,0,1
-0.015301353991579789,0.046726867653296686,-0.12244521242844451,-0.010016795576266512,-0.0019409540171924948,-2.9114251136360086e-4,-2.3595397341783444e-6,1.0012586853651515,15000,0,1
-0.011639307704656173,0.037033027484445515,-0.09214555490025042,-0.00756255506915803,-0.0014108794949732606,-2.1231649225638753e-4,-2.0780298396261795e-6,1.0011844348096046,15000,0,1
-0.015174551618027908,0.04391578626895785,-0.122000569346585,-0.01063571860166543,-0.002071904755140389,-3.2165074075071634e-4,-3.046910486925945e-6,1.0009359454725106,15000,0,1
-0.011622543423326265,0.039627833500334074,-0.10055094622808175,-0.0063658354084508905,-0.0010705044207014666,-1.4392772498995817e-4,-8.655818497671191e-7,1.0104983057006323,6261,0,1
-0.009197048739246531,0.03302371040172882,-0.07558241523659336,-0.005099174467817498,-9.378520248619412e-4,-1.2410810342136346e-4,-1.0937692870441807e-6,1.0150953015636397,12796,0,1
-0.0037815671317782606,0.016136793927446446,-0.030769476468028505,-0.0015725880232931562,-2.2601349229443802e-4,-2.3608586146060333e-5,-1.1662754852236263e-7,1.0009808588485116,15000,0,1
-0.009994691440634636,0.03127379469048934,-0.08136225643929937,-0.006390009205926409,-0.001227503703970633,-1.7015960222909206e-4,-1.4359834811030685e-6,1.0017933212168038,15000,0,1
-0.005601851870392086,0.020832778226495492,-0.044715442934726055,-0.0029566920624295254,-5.22008511822153e-4,-6.902970496483284e-5,-5.185583074280214e-7,1.0082886147497991,7195,0,1
-0.012270378030822583,0.03663133512908049,-0.09718941177111243,-0.00824211367171843,-0.0015808163855434024,-2.3429807296771344e-4,-2.0726810116153566e-6,1.0072813774397948,4366,0,1
-0.014305637278551511,0.04745272718263775,-0.11385642863963875,-0.00830957671264872,-0.0014039494510665984,-1.8232281143871018e-4,-1.2819212733843845e-6,1.0038726958977862,7089,0,1
-0.010770461958746737,0.03676160239319378,-0.08470510866777972,-0.006505794317484831,-0.0011640884875163098,-1.6025894333096156e-4,-1.3399527139781962e-6,1.015579062830277,5215,0,1
-0.01271732904430387,0.04223519151063891,-0.10192135607499966,-0.00758909030779697,-0.001233467350459317,-1.5575868970662545e-4,-9.518714756659499e-7,1.0054022240845553,10125,0,1
-0.004181587149476447,0.013986526708596863,-0.03404470349989688,-0.002507359612761183,-4.7119120527627437e-4,-6.530539064904383e-5,-4.337183792623602e-7,1.008066598833716,15000,0,1
-0.01000873271960924,0.031522047568384844,-0.08038563156191258,-0.006295997301395863,-0.001277124031071436,-1.9323546987491316e-4,-1.6625654471362735e-6,1.009134153967257,15000,0,1
-0.01241957514021641,0.034783556840121035,-0.09992653765365954,-0.00874073362229161,-0.0018039057612816121,-2.7965479500491477e-4,-2.61692296299168e-6,1.0002784686749293,15000,0,1
-0.023255464932444514,0.06677426389934336,-0.18432795664512988,-0.015298181748159147,-0.002974299983673874,-4.254219663054556e-4,-3.125522696200449e-6,1.0015133930578002,15000,0,1
-0.012547721467256263,0.03956407879535579,-0.1019217420429712,-0.00790869293725083,-0.0015690617122039903,-2.3048092788731963e-4,-1.85325477786651e-6,1.002614811838112,15000,0,1
-0.01366649469341697,0.04350642973700948,-0.11264890532542068,-0.008290785802293884,-0.0014854734890530445,-1.9886697888620852e-4,-1.1209628725757045e-6,1.0000018439971918,15000,0,1
-0.009003288587539989,0.03184847195192757,-0.07205291674667867,-0.0057531494006520904,-0.0011041341694609887,-1.541551920284642e-4,-1.1575780604391156e-6,1.0041106019313328,15000,0,1
-0.01076784216522962,0.03541599617575963,-0.08419958670374704,-0.006970372204411724,-0.001359288150499917,-2.018120019377822e-4,-1.8616463391524364e-6,1.0022982922514707,10568,0,1
-0.01336056604100266,0.03921167618526593,-0.10452290804159296,-0.009331148180427155,-0.0018575517141940496,-2.86119810643535e-4,-2.6840575319754123e-6,1.0024094233908258,6497,0,1
-0.018890165598451653,0.05613413294551375,-0.1587284844421713,-0.011937749681834666,-0.002151043500477112,-2.920753254859967e-4,-2.186895958199845e-6,1.0031931555668439,7056,0,1
-0.010063827240746372,0.03377525132495659,-0.0840849858943506,-0.005894756785561438,-0.0010580388854186061,-1.4870160887311235e-4,-1.1333409641267203e-6,1.0114238325639944,7166,0,1
-0.010371863673633023,0.036362215128366224,-0.08724386481467707,-0.005495690902766666,-9.265074582407802e-4,-1.1802805560247895e-4,-6.579375915141575e-7,1.01085676884229,5589,0,1
-0.038072496182744595,0.07893966065890932,-0.2547450713237826,-0.03767323248399613,-0.010850655314463952,-0.0024570436525219574,-4.9744520281828366e-5,1.0001522726441932,15000,0,1
-0.1023152215929059,0.1567079758242622,-0.5497953495456436,-0.12414631148977971,-0.04400920286116443,-0.012607395999634367,-3.372776480515479e-4,1.0003135758554826,15000,0,1
-0.20420113145497082,0.2640210387541096,-0.9657514236826408,-0.26959546095581877,-0.10533729683086415,-0.03400222490140169,-8.887486992738162e-4,1.0004139381581512,7383,0,1
-0.7869979419554517,0.8292435307500391,-3.038749194208174,-1.1105406617255615,-0.5173870047426831,-0.18729501449576763,-0.0035557492011464385,1.0003033019658125,15000,0,1
-0.012229025979545026,0.03283943393818543,-0.09058723031264812,-0.009665972699607839,-0.0019580413100081036,-2.74314373090722e-4,-1.856666435331713e-6,1.0007352680171178,15000,0,1
-0.05715528638359469,0.11375008854515199,-0.3734062296666529,-0.058341372837076334,-0.015129059023767565,-0.002587719315686015,-2.789814801676718e-5,1.0000527069760243,15000,0,1
-0.059531236083051844,0.11145981310300912,-0.3732492773276391,-0.06409720127124674,-0.01773330940608992,-0.0032764488881436068,-3.997336217488703e-5,1.0003505868871505,15000,0,1
-0.11002997921424737,0.20267425742359887,-0.6896427651534279,-0.11925433228278522,-0.03249429065036575,-0.006911876275493443,-8.741261752403459e-5,1.0013314400623958,15000,0,1
-0.012371164103137633,0.03723657876580316,-0.10115642663409091,-0.008025687017406039,-0.001455772993095981,-1.887975167581301e-4,-1.1247752583755677e-6,1.0034303605060348,15000,0,1
-0.018916575024147578,0.04671553802543176,-0.13807596475312417,-0.015916903691417746,-0.0035982540377835514,-5.946819558345132e-4,-5.374672704840091e-6,1.004355767034335,15000,0,1
-0.05611269712510954,0.1122211958853241,-0.3795307449328741,-0.056858970159388095,-0.013865588049669617,-0.0026684300577802062,-3.0007396017972148e-5,1.0017887519726643,12107,0,1
-0.13387661517603117,0.2424229383475474,-0.8317545729924236,-0.148882926054005,-0.03869579368649101,-0.007782533467990476,-1.0010416565884278e-4,1.0005716924174264,15000,0,1
-0.08420061997582018,0.15466444260583423,-0.5206190498483355,-0.09243744305204535,-0.026776338197356274,-0.006142027933924467,-1.2885482209587916e-4,1.0002975225702424,15000,0,1
-0.22374237199154395,0.29745261168682674,-1.0657233448973202,-0.29790956897327986,-0.1117697818567698,-0.0320419939030991,-9.182120893396086e-4,1.0001279737065507,15000,0,1
-0.12831575765532993,0.18288417476198976,-0.6460704156138645,-0.16158499649929653,-0.06293666663352654,-0.01935426583320984,-6.301033948070048e-4,1.0018155264620858,15000,0,1
-1.0535338771236467,1.027763207143974,-3.6804548811593696,-1.5551852367220151,-0.7611665457657624,-0.2663893532523293,-0.0015510279931745395,1.0000850303134197,15000,0,1
-0.06840044901335098,0.1456548401985249,-0.4854333381502408,-0.06474935294734349,-0.01579580762133708,-0.003019031034963894,-3.973553326415937e-5,1.0002968627950248,15000,0,1
-0.062085480558057085,0.12123430712143479,-0.39418019070439364,-0.06485256061931846,-0.02004188136820869,-0.0047768128861030105,-1.0786759717466745e-4,1.0021207121431766,15000,0,1
-0.2309429941913378,0.3094269390939389,-1.1122676339375648,-0.3035406692448003,-0.11799036748246447,-0.0343798020511738,-0.0010379239611168095,1.000699675479094,14027,0,1
-0.9071923101741122,0.9336202643511488,-3.339121394516506,-1.3069165520382096,-0.6132503208456352,-0.2097678149849172,-0.0028457981931053434,1.0005157078635423,6125,0,1
-0.015481004114185487,0.049816638076511585,-0.13334026241567856,-0.008723991761194734,-0.0013262564604250738,-1.3836394716277103e-4,-5.838448922783327e-7,1.0045526382843857,15000,0,1
-0.04505906088949327,0.10246139757569941,-0.3370388481509876,-0.03841576956653863,-0.0079090133166114,-0.0012041090368247007,-9.481359811754062e-6,1.0000763643777038,15000,0,1
-0.03699623983092286,0.07875690738443644,-0.25980825358114507,-0.03508237146878405,-0.008103488095370254,-0.001425869345239369,-1.5486254706821187e-5,1.0011991408134948,15000,0,1
-0.3177340067722536,0.4670043224356536,-1.6807544684440745,-0.4133476620948153,-0.12990113888667656,-0.027957589538841414,-3.500076800620159e-4,1.0006932968703495,15000,0,1
-0.9193327942183596,1.6626375931701503,-5.45685457166779,-1.500477200689198,-0.0015660048769484394,-9.961245481458288e-5,-3.178082512293013e-7,1.000289244219277,7533,0,1
-0.0543341890791614,0.13570302908208207,-0.4230641975163166,-0.04286871347741551,-0.005318421071455016,-5.347840576365905e-4,-2.9117734887061593e-6,1.0015860458230608,13419,0,1
-0.12854188136742076,0.24554955476506846,-0.8559892628858988,-0.1357533930133037,-0.023481838019085537,-0.00307251144782576,-2.5482695220081107e-5,1.000426156385803,9294,0,1
-0.48025574890757033,0.6275393522203169,-2.262258033986426,-0.6702064241177741,-0.23190818552554893,-0.05232384541155155,-6.36455012711517e-4,1.000455010887389,6251,0,1
-0.07572200431603424,0.15078838502202493,-0.522486891154617,-0.0784704175838819,-0.015808615033678607,-0.0013625636030003818,-3.472635185974515e-6,1.000850400333042,6295,0,1
-0.06551254244300493,0.13473239806469672,-0.45385518551145837,-0.06652996170282069,-0.012981390160732246,-0.0010756888872419683,-2.7146142171538725e-6,1.0038793965508697,3554,0,1
-1.2961026930411497,1.5145461040142685,-4.926611830384414,-2.2470811007786016,-0.8186900100870642,-0.0034802835335887928,-7.127161708065878e-6,1.0001480352407495,15000,0,1
-0.05924236055367023,0.12619814941642568,-0.41920799290480576,-0.05774990842950552,-0.011692734872574842,-0.0010066649833898186,-2.3367767689533184e-6,1.0024473914957752,11255,0,1
-0.004206863772000587,0.025904933283997927,-0.03185923932195435,-0.0013759387216698857,-1.7589209602685354e-4,-1.2078756244301392e-5,-1.632665465606119e-8,1.0028210613511945,15000,0,0.9998
-0.02817533528717223,0.07046730073453829,-0.21262339768920524,-0.022854843671783573,-0.004211551004216847,-3.7795470243078396e-4,-7.066787274050208e-7,1.0028927507664318,15000,0,0.9999333333333333
-0.022269551602439354,0.06654177325537793,-0.1819558112963688,-0.014783971416641931,-0.0021091953618757988,-1.8133463416174515e-4,-2.2939018934119299e-7,1.0000451031973978,15000,0,0.9999333333333333
-0.018585525335623142,0.05122418994851176,-0.1430890742576409,-0.014710757733794953,-0.0029825073061187047,-4.363507455160524e-4,-3.252044919526002e-6,1.0087084691382031,13244,0,1
-0.0293401489536561,0.07485882598132194,-0.22223243138129242,-0.02387250779661451,-0.0050882909959025875,-7.742046413990499e-4,-6.482518442742899e-6,1.006741401957542,15000,0,1
-0.018038242342006537,0.04430957114671464,-0.13453074399042636,-0.015465743278517033,-0.0033832994129566205,-5.092017861778598e-4,-4.0272152374807914e-6,1.0067944566394895,15000,0,1
-0.027943307088038122,0.07221526430460118,-0.210262074197716,-0.02268251296527222,-0.00479936851541918,-7.003308660213362e-4,-5.4728511974780515e-6,1.0004953201134605,15000,0,0.9999333333333333
-0.016080784677656983,0.046288516320269625,-0.12752479680839726,-0.011106956095234646,-0.002021759974535785,-2.618910953943762e-4,-1.1884994118413462e-6,1.0011351816893832,10080,0,0.9998666666666667
-0.008074362097828436,0.0272913059026208,-0.06593058023836533,-0.004999765282304374,-9.347239747289395e-4,-1.1437066601422129e-4,-6.263587102762145e-7,1.0074474441419972,10137,0,0.9998666666666667
-0.0026943842437371353,0.011630303780961346,-0.022254984116420205,-0.0012145350436536567,-1.7357351033787217e-4,-1.665723713767555e-5,-5.469647806327411e-8,1.0010585430601797,15000,0,0.9997333333333334
-0.01490868775193239,0.04484344580409918,-0.12287618093297048,-0.009879380939221884,-0.0018741799641164374,-2.768316861430723e-4,-1.8518525152578227e-6,1.00577882031853,9396,0,1
-0.01225557841879093,0.03830200592976481,-0.09810470751269701,-0.008000751575401994,-0.0014894416957121532,-2.0849615407284212e-4,-1.4191939217867036e-6,1.0063793309254057,14590,0,1
-0.019359395993876666,0.0524181298052507,-0.15068970510005783,-0.01439589987796204,-0.0028772064507019517,-4.179328790573213e-4,-3.003217160093768e-6,1.003556678601899,12211,0,1
-0.017522947952015262,0.05194545045355206,-0.14113175918739834,-0.011637088920820165,-0.002273814928057883,-3.2066472394895587e-4,-2.0135946254864726e-6,1.0016964262043857,15000,0,1
-0.006529620783702309,0.02205776616261723,-0.05464817115027294,-0.0036835081900765273,-6.336205908675784e-4,-7.422677804784974e-5,-2.930216062415564e-7,1.0022466133512888,13278,0,1
-0.0021630379484676326,0.008622894706582155,-0.017738150198602066,-0.0010415908481873869,-1.571345960206555e-4,-1.6612496634848734e-5,-6.135018047484136e-8,1.0013099084100356,15000,0,1
-0.0029267214714540804,0.012423759438598444,-0.024743662928443502,-0.001357826006521718,-1.8889991375291315e-4,-1.7457410645295666e-5,-4.5410704614614796e-8,1.0052738731044126,15000,0,1
-0.003627158717904097,0.015196426494280584,-0.02941728926112947,-0.00175182090968671,-2.8569451028954886e-4,-3.3479734613978856e-5,-1.615254824450929e-7,1.003094524918328,15000,0,1
-0.010536666427872696,0.038056285034638024,-0.08460874324070222,-0.005958854188820483,-0.0010719301148852654,-1.475273147866573e-4,-9.758433118893013e-7,1.0206474322238706,7967,0,1
-0.008914732269943122,0.029386845572900243,-0.07156414425038099,-0.005470522699530814,-0.0010330508213978963,-1.3990372538066477e-4,-8.9574030849197e-7,1.0128892722721448,14366,0,1
-0.008714783725810022,0.029796315366228957,-0.07374203895739151,-0.004929946779429843,-8.354845397820672e-4,-1.120118929676763e-4,-6.58183049501921e-7,1.0095158999963643,15000,0,1
-0.020810846764776254,0.06456480894033409,-0.1726078666973043,-0.013253950428373476,-0.0023300237936125685,-2.857790735902374e-4,-1.30846411231785e-6,1.0041271475820563,7737,0,1
-0.008714845081598626,0.02853171213641605,-0.07048351918218505,-0.005372982108776231,-9.063999686095361e-4,-1.1745223801473585e-4,-5.960159300278859e-7,1.001624777249113,15000,0,1
-0.014978809943911625,0.05101444313052734,-0.13053724123915791,-0.008274655612863313,-0.0013385906681452598,-1.452617546075781e-4,-4.785917766286497e-7,1.0033128130260207,7458,0,1
-0.01566794037980599,0.04960090904485774,-0.12308665021301787,-0.010506870692824213,-0.0019665739121200714,-2.7915557646060495e-4,-1.9920516323869994e-6,1.0058816241720072,15000,0,1
-0.012780723330290377,0.04065332388584126,-0.10356039333213747,-0.008115573901697997,-0.0015418898435739766,-2.1923006131288394e-4,-1.6559592884018439e-6,1.0069977009115356,15000,0,1
-0.02030123755400353,0.05681201829264418,-0.15863544290225112,-0.014761252725010096,-0.0030337967305509926,-4.4088485466115977e-4,-3.2946618835952637e-6,1.0011396222940556,15000,0,1
-0.018440579908593605,0.056214368080819845,-0.1441043003872572,-0.012168913743476013,-0.002368527644255893,-3.388088885697321e-4,-2.2557579396762496e-6,1.0002105282752298,15000,0,1
-0.006843906496953204,0.02419698842030836,-0.05610152658505416,-0.0038466303785220147,-6.505189216750693e-4,-7.654805151205612e-5,-3.266200716830527e-7,1.0060452385732432,15000,0,1
-0.002384757725261629,0.011495119587356054,-0.01878941391377233,-0.0010914528832996662,-1.6126638187428507e-4,-1.808168568015302e-5,-6.94417203064541e-8,1.004502822016269,15000,0,1
-0.003105173305189367,0.013583440356391962,-0.025174812802737076,-0.001388539975382171,-1.9161938762281083e-4,-1.7846742949399526e-5,-4.9496249563771245e-8,1.0039265894065406,12443,0,1
-0.01867611700943514,0.047296506932440335,-0.14303756129808967,-0.015247971456804517,-0.0031847216284015155,-4.860040516344303e-4,-3.2632251778108842e-6,1.002877525496512,15000,0,1
-0.030178652003973672,0.07565748321770491,-0.2267168423150819,-0.025030695017037113,-0.005491026511191247,-8.788135154349702e-4,-6.624329780493818e-6,1.0048008324422903,15000,0,1
-0.018720286436878415,0.045965490403598305,-0.13687054274916682,-0.016328315552057288,-0.003584131324335815,-5.739566774097254e-4,-4.0636411905302715e-6,1.0052445942330437,15000,0,1
-0.028852659339018868,0.07317494269076805,-0.21456637091543768,-0.024180961741520103,-0.005119793118378244,-7.850763626712207e-4,-5.106677154696356e-6,1.0043156600087761,15000,0,1
-0.01645662735344512,0.048401989736248756,-0.12903359284352658,-0.011520776365441762,-0.0022287600111117294,-2.955555487093008e-4,-1.2897501520180595e-6,1.0001573458920596,15000,0,0.9999333333333333
-0.00803316712534928,0.025295907984905577,-0.06291888964476011,-0.005263762009431075,-0.0010067200405094016,-1.3216582775213304e-4,-6.077867718502373e-7,1.0062578507632969,15000,0,0.9998666666666667
-0.0027341702055341116,0.011210768982900377,-0.022489111791100306,-0.0012820474073000012,-1.9021490373505588e-4,-1.9543316761069813e-5,-5.436968133075932e-8,1.0024185838326143,15000,0,0.9998
-0.01568809087745968,0.046633405438885854,-0.12944787685243986,-0.010084153043127885,-0.0019467165028453,-2.7488569182603396e-4,-1.405111528188291e-6,1.0047756344838956,7885,0,1
-0.013222654075633857,0.04210346983140202,-0.10826714487628186,-0.00835121329460902,-0.001590858302651592,-2.2360600104737567e-4,-1.3199447767223267e-6,1.0024698052122303,5543,0,1
-0.029247132114380837,0.07749333897736026,-0.22695474334959068,-0.02184120928735274,-0.004439639403757321,-6.447516489857984e-4,-3.486586257603478e-6,1.001562900592969,7253,0,1
-0.012148951472295236,0.039229673173081285,-0.09585153649776641,-0.007884779489890791,-0.0014560117246009876,-1.9784049811223187e-4,-9.563030464244767e-7,1.006878680287095,14160,0,1
-8.650768260442422e-4,0.005486025433113188,-0.006741818416970376,-2.2364942864572362e-4,-2.5422314846254646e-5,-2.136589682686736e-6,-3.4960202072213725e-9,1.00914519954291,15000,0,0.9997333333333334
-0.006027219470951205,0.02249522774100862,-0.048966209409593446,-0.0032891884066919837,-5.640989594542694e-4,-6.690327138164526e-5,-2.344434619088929e-7,1.0074516221681735,15000,0,0.9999333333333333
-0.004877946447317974,0.019534188740437605,-0.041646547699694114,-0.0021662184619505105,-3.0245910592730603e-4,-3.124054871588721e-5,-6.488224041744197e-8,1.0030250407362746,15000,0,0.9999333333333333
-0.011111698783446703,0.033389243085887886,-0.09208729417626511,-0.0075445244003950794,-0.001447380617799852,-2.058347057263486e-4,-1.121838903029363e-6,1.005824272267631,15000,0,1
-0.012346061547713068,0.03760477796110288,-0.09940350043983295,-0.008286377323417127,-0.0016001684832730237,-2.2566629876392957e-4,-1.5508849556757483e-6,1.0055134730467845,13093,0,1
-0.011929066315830943,0.03445492260052772,-0.09491125852641179,-0.008485973969697315,-0.0016708320421500852,-2.428572938168256e-4,-1.5815896357536427e-6,1.0037921272404946,15000,0,1
-0.010645637966081027,0.03904458466813433,-0.08567132285074194,-0.006113475218606408,-0.001075158165036198,-1.4128991137050628e-4,-7.803330229599559e-7,1.0027851785991098,15000,0,1
-0.0197364674034837,0.05862338207842244,-0.1667202237509619,-0.013437386269800603,-0.0024021634662944385,-3.315876969984637e-4,-1.4251388942623072e-6,1.0007177586336606,15000,0,1
-0.010741300260984148,0.034727212499508664,-0.08679219644100229,-0.006722918702392538,-0.0012835549564694832,-1.7460569166098685e-4,-9.761550213785427e-7,1.0018173688713217,15000,0,1
-0.01588329251679738,0.04876227948309974,-0.12839274985173874,-0.01020585663985486,-0.0017755218794367523,-2.2267470976101896e-4,-9.255233848041628e-7,1.0007858168663992,15000,0,1
-0.0037670030285778533,0.013279528064190449,-0.029323326926951346,-0.0023377613078218624,-4.3988852438812715e-4,-5.71649216907652e-5,-2.487204375737648e-7,1.0227147162862475,12262,0,1
-0.00788589431620176,0.02309266474101826,-0.06170396243526159,-0.0055302540807539895,-0.0011190024003545009,-1.5707024017363357e-4,-9.422939048098431e-7,1.0055395268118998,15000,0,1
-0.015340890539858768,0.03789041969407782,-0.1120640466223609,-0.012841107086771508,-0.0029147953742619404,-4.44525210057876e-4,-2.8404114732935972e-6,1.000641692709262,15000,0,1
-0.03076284146051155,0.07649188552095741,-0.2280374965555901,-0.02576530400751488,-0.005700856544801354,-8.862251324826589e-4,-5.577748810967374e-6,1.003617540773594,15000,0,1
-0.02993986891135287,0.07683638141544064,-0.22528691879852536,-0.024353683527631842,-0.005039995498875612,-7.257453705091783e-4,-3.13004336703944e-6,1.0007941239670222,12384,0,1
-0.009192363163209224,0.026259324281102465,-0.07129850748175309,-0.006535800766783117,-0.0012917487734120802,-1.7678673443570402e-4,-8.996782992841818e-7,1.001762919726556,15000,0,1
-0.031227124855008462,0.08368424474245414,-0.2419538198876779,-0.023829847891437363,-0.004738948323419461,-6.034705715315143e-4,-2.3427314476570416e-6,1.004609992472247,5125,0,1
8245.831529220479,16.225002087220986,8213.785005178524,8234.769766969392,8245.90560158991,8256.968659892213,8277.532842755923,0.9999329253326367,15000,0,1
